{
  "project_info": {
    "project_number": "986051221211",
    "project_id": "androidshop-db303",
    "storage_bucket": "androidshop-db303.appspot.com"
  },
  "client": [
    {
      "client_info": {
        "mobilesdk_app_id": "1:986051221211:android:7c442f8cf941dee9091efe",
        "android_client_info": {
          "package_name": "com.example.seggember"
        }
      },
      "oauth_client": [
        {
          "client_id": "986051221211-j2h8dnmonamrqf518548deb8v9v5c0s0.apps.googleusercontent.com",
          "client_type": 1,
          "android_info": {
            "package_name": "com.example.seggember",
            "certificate_hash": "822130f360e3e0d09929b4be19d6a6e81a44b64e"
          }
        },
        {
          "client_id": "986051221211-fnlm2h1hec352ee8n4gmliam900o4m5g.apps.googleusercontent.com",
          "client_type": 3
        }
      ],
      "api_key": [
        {
          "current_key": "AIzaSyCEgxf8GpdxgUlayaUF8JpUho0JaRZOYTY"
        }
      ],
      "services": {
        "appinvite_service": {
          "other_platform_oauth_client": [
            {
              "client_id": "986051221211-fnlm2h1hec352ee8n4gmliam900o4m5g.apps.googleusercontent.com",
              "client_type": 3
            }
          ]
        }
      }
    }
  ],
  "configuration_version": "1"
}